workload,mode,p50_token_latency_us,p95_token_latency_us,p99_token_latency_us,sequential_read_ratio,random_flash_reads,sequential_flash_reads,sync_flash_policy_failures,prefetch_accuracy,prefetch_waste_rate,dram_evictions,dram_peak_resident_objects,sync_flash_miss_rate
long_context_kv,ram_emulation,3547.677760000001,5328.0,6329.89824,0.0,248.0,0.0,248.0,0.0,0.0,185.0,0.0,0.47058823529411764
long_context_kv,hybrid,2671.7286400000007,2821.3711679999997,3673.626880000001,1.0,0.0,248.0,0.0,0.004032258064516129,1.0040322580645162,258.0,248.0,0.0
long_context_kv,stream_to_scratchpad,2671.7286400000007,2821.3711679999997,3673.626880000001,1.0,0.0,248.0,0.0,0.03225806451612903,1.0080645161290323,258.0,248.0,0.0
random_old_context,ram_emulation,6671.592960000001,7915.762560000001,8069.68256,0.0,262.0,0.0,262.0,0.0,0.0,631.0,0.0,0.27291666666666664
random_old_context,hybrid,5343.457280000001,5343.457280000001,5343.457280000001,1.0,0.0,498.0,0.0,0.41164658634538154,1.3032128514056225,919.0,510.0,0.0
random_old_context,stream_to_scratchpad,5343.457280000001,5343.457280000001,5343.457280000001,1.0,0.0,500.0,0.0,0.422,1.324,919.0,510.0,0.0
cold_fanout,ram_emulation,12995.694720000001,13991.79648,14446.682950400002,0.0,844.0,0.0,844.0,0.0,0.0,593.0,0.0,0.5733695652173914
cold_fanout,hybrid,8015.185920000003,8015.185920000003,8015.185920000002,1.0,0.0,504.0,0.0,0.9841269841269841,0.36507936507936506,1453.0,1354.0,0.0
cold_fanout,stream_to_scratchpad,8015.185920000003,8015.185920000003,8015.185920000002,1.0,0.0,510.0,0.0,0.984313725490196,0.3843137254901961,1453.0,1354.0,0.0
