workload,mode,p50_token_latency_us,p95_token_latency_us,p99_token_latency_us,sequential_read_ratio,random_flash_reads,sequential_flash_reads,sync_flash_policy_failures,prefetch_accuracy,sync_flash_miss_rate
long_context_kv,ram_emulation,3838.3725714285715,3838.3725714285715,3838.3725714285715,0.0,512.0,0.0,512.0,0.0,1.0
long_context_kv,hybrid,2000.0,2195.3270857142843,3838.3725714285715,0.9084249084249084,25.0,248.0,25.0,1.0,0.048828125
long_context_kv,stream_to_scratchpad,2000.0,2000.0,2000.0,1.0,0.0,248.0,0.0,1.0,0.0
random_old_context,ram_emulation,3838.3725714285715,3838.3725714285715,3838.3725714285715,0.0,512.0,0.0,512.0,0.0,1.0
random_old_context,hybrid,2000.0,3011.104914285709,3838.3725714285715,0.9264705882352942,35.0,441.0,35.0,1.0,0.068359375
random_old_context,stream_to_scratchpad,2000.0,2000.0,2425.123657142854,0.9889867841409692,5.0,449.0,5.0,1.0,0.009765625
cold_fanout,ram_emulation,3838.3725714285715,3838.3725714285715,3838.3725714285715,0.0,512.0,0.0,512.0,0.0,1.0
cold_fanout,hybrid,3608.576,3803.9030857142843,3838.3725714285715,0.13111545988258316,444.0,67.0,444.0,1.0,0.8671875
cold_fanout,stream_to_scratchpad,3608.576,3608.576,3693.6007314285707,0.1524390243902439,417.0,75.0,417.0,1.0,0.814453125
