workload,mode,p50_token_latency_us,p95_token_latency_us,p99_token_latency_us,sequential_read_ratio,random_flash_reads,sequential_flash_reads,sync_flash_policy_failures,prefetch_accuracy,prefetch_waste_rate,sync_flash_miss_rate
long_context_kv,ram_emulation,3838.3725714285715,5277.762285714285,5277.762285714285,0.0,527.0,0.0,527.0,0.0,0.0,1.0
long_context_kv,hybrid,2000.0,2750.0,3838.3725714285715,0.9084249084249084,25.0,248.0,25.0,0.03225806451612903,0.967741935483871,0.04743833017077799
long_context_kv,stream_to_scratchpad,2000.0,2750.0,2750.0,1.0,0.0,248.0,0.0,0.03225806451612903,0.967741935483871,0.0
random_old_context,ram_emulation,7676.74514285714,7676.74514285714,7676.74514285714,0.0,960.0,0.0,960.0,0.0,0.0,1.0
random_old_context,hybrid,4229.796571428571,4459.593142857143,4969.741531428568,0.867595818815331,76.0,498.0,76.0,0.42971887550200805,0.570281124497992,0.07916666666666666
random_old_context,stream_to_scratchpad,4229.796571428571,4425.123657142856,4969.741531428568,0.9157509157509157,46.0,500.0,46.0,0.422,0.578,0.04791666666666667
cold_fanout,ram_emulation,11515.117714285709,11515.117714285709,11515.117714285709,0.0,1472.0,0.0,1472.0,0.0,0.0,1.0
cold_fanout,hybrid,9217.151999999998,9676.74514285714,9906.541714285711,0.3916083916083916,783.0,504.0,783.0,1.0,0.0,0.5319293478260869
cold_fanout,stream_to_scratchpad,9217.151999999998,9676.74514285714,9906.541714285711,0.4031620553359684,755.0,510.0,755.0,0.984313725490196,0.01568627450980392,0.5129076086956522
